timestamp,filename,method,attack,psnr,extraction_accuracy
2025-05-21T12:45:53.795903,cameraman.tif,PEE(T=1),Gaussian (σ=10),28.29582469,50.10752688
2025-05-21T12:45:53.816600,cameraman.tif,PEE(T=1),Salt & Pepper (2%),22.15106829,47.74193548
2025-05-21T12:45:53.832651,cameraman.tif,PEE(T=1),JPEG (Q=70),41.12862666,49.78494624
2025-05-21T12:45:53.894024,cameraman.tif,PEE(T=1),Median Filter (3x3),36.72030342,51.82795699
2025-05-21T12:45:55.132872,cameraman.tif,HS,Gaussian (σ=10),28.28934566,50.10752688
2025-05-21T12:45:55.561272,cameraman.tif,HS,Salt & Pepper (2%),22.15507977,47.04301075
2025-05-21T12:45:55.930258,cameraman.tif,HS,JPEG (Q=70),41.12815753,50.64516129
2025-05-21T12:45:56.358109,cameraman.tif,HS,Median Filter (3x3),36.72115836,50.10752688
2025-05-21T12:45:56.427048,cameraman.tif,ML(T=3),Gaussian (σ=10),28.27647613,51.55913978
2025-05-21T12:45:56.443977,cameraman.tif,ML(T=3),Salt & Pepper (2%),22.09287331,53.76344086
2025-05-21T12:45:56.463632,cameraman.tif,ML(T=3),JPEG (Q=70),41.0759757,48.49462366
2025-05-21T12:45:56.530197,cameraman.tif,ML(T=3),Median Filter (3x3),36.67499381,48.38709677
2025-05-21T12:57:18.322559,cameraman.tif,PEE(T=1),Gaussian (σ=10),28.28687115,48.90625
2025-05-21T12:57:18.965584,cameraman.tif,HS,Gaussian (σ=10),28.28157885,49.296875
2025-05-21T12:57:19.011087,cameraman.tif,ML(T=3),Gaussian (σ=10),28.28152276,49.296875
2025-05-21T12:57:19.269577,cameraman.tif,PEE(T=1),Salt & Pepper (2%),22.07663672,62.34375
2025-05-21T12:57:19.917958,cameraman.tif,HS,Salt & Pepper (2%),22.15767305,51.40625
2025-05-21T12:57:19.939937,cameraman.tif,ML(T=3),Salt & Pepper (2%),21.98405952,47.34375
2025-05-21T12:57:20.178305,cameraman.tif,PEE(T=1),JPEG (Q=70),41.13251378,49.296875
2025-05-21T12:57:20.893269,cameraman.tif,HS,JPEG (Q=70),41.13239143,50.078125
2025-05-21T12:57:20.936299,cameraman.tif,ML(T=3),JPEG (Q=70),41.10847346,50.78125
2025-05-21T12:57:21.258403,cameraman.tif,PEE(T=1),Median Filter (3x3),36.72340068,51.40625
2025-05-21T12:57:22.071497,cameraman.tif,HS,Median Filter (3x3),36.72240754,48.828125
2025-05-21T12:57:22.141114,cameraman.tif,ML(T=3),Median Filter (3x3),36.70286423,48.828125
2025-05-21T12:58:48.122974,woman_blonde.tif,PEE(T=1),Gaussian (σ=10),28.12487468,49.765625
2025-05-21T12:58:48.541136,woman_blonde.tif,HS,Gaussian (σ=10),28.12322667,50.15625
2025-05-21T12:58:48.621742,woman_blonde.tif,ML(T=2),Gaussian (σ=10),28.12365238,49.921875
2025-05-21T12:58:48.980768,woman_blonde.tif,PEE(T=1),Salt & Pepper (2%),22.58052781,50.234375
2025-05-21T12:58:49.439158,woman_blonde.tif,HS,Salt & Pepper (2%),22.52801097,61.640625
2025-05-21T12:58:49.478430,woman_blonde.tif,ML(T=2),Salt & Pepper (2%),22.5890884,43.515625
2025-05-21T12:58:49.851607,woman_blonde.tif,PEE(T=1),JPEG (Q=70),34.50539989,48.90625
2025-05-21T12:58:50.268775,woman_blonde.tif,HS,JPEG (Q=70),34.5019948,50.703125
2025-05-21T12:58:50.302114,woman_blonde.tif,ML(T=2),JPEG (Q=70),34.50200988,51.328125
2025-05-21T12:58:50.629676,woman_blonde.tif,PEE(T=1),Median Filter (3x3),31.05736887,50.390625
2025-05-21T12:58:51.116438,woman_blonde.tif,HS,Median Filter (3x3),31.04741765,51.09375
2025-05-21T12:58:51.198943,woman_blonde.tif,ML(T=2),Median Filter (3x3),31.05318537,50.46875
2025-05-21T12:59:49.302617,test_image2.jpg,PEE(T=1),Gaussian (σ=10),28.31325852,49.6875
2025-05-21T12:59:52.663167,test_image2.jpg,HS,Gaussian (σ=10),28.3096801,50.46875
2025-05-21T12:59:52.795334,test_image2.jpg,ML(T=3),Gaussian (σ=10),28.31066744,50.15625
2025-05-21T12:59:53.086313,test_image2.jpg,PEE(T=1),Salt & Pepper (2%),21.60646542,48.515625
2025-05-21T12:59:56.751650,test_image2.jpg,HS,Salt & Pepper (2%),21.64035703,50.078125
2025-05-21T12:59:56.829355,test_image2.jpg,ML(T=3),Salt & Pepper (2%),21.57570553,42.8125
2025-05-21T12:59:57.183810,test_image2.jpg,PEE(T=1),JPEG (Q=70),45.91894549,52.265625
2025-05-21T13:00:01.178218,test_image2.jpg,HS,JPEG (Q=70),45.91915705,50.078125
2025-05-21T13:00:01.252766,test_image2.jpg,ML(T=3),JPEG (Q=70),45.90774519,48.203125
2025-05-21T13:00:01.655409,test_image2.jpg,PEE(T=1),Median Filter (3x3),48.44569659,49.84375
2025-05-21T13:00:05.549783,test_image2.jpg,HS,Median Filter (3x3),48.45762531,50.703125
2025-05-21T13:00:05.707919,test_image2.jpg,ML(T=3),Median Filter (3x3),48.38786645,50.078125
2025-05-21T13:00:19.109009,test_image2.jpg,PEE(T=1),Gaussian (σ=10),28.30500375,50.9375
2025-05-21T13:00:22.550572,test_image2.jpg,HS,Gaussian (σ=10),28.30119659,50.390625
2025-05-21T13:00:22.693883,test_image2.jpg,ML(T=3),Gaussian (σ=10),28.31085307,50.625
2025-05-21T13:00:22.976397,test_image2.jpg,PEE(T=1),Salt & Pepper (2%),21.6225557,63.359375
2025-05-21T13:00:26.438175,test_image2.jpg,HS,Salt & Pepper (2%),21.66170545,48.046875
2025-05-21T13:00:26.508008,test_image2.jpg,ML(T=3),Salt & Pepper (2%),21.67743478,68.125
2025-05-21T13:00:26.810782,test_image2.jpg,PEE(T=1),JPEG (Q=70),45.91894549,52.265625
2025-05-21T13:00:30.272044,test_image2.jpg,HS,JPEG (Q=70),45.91915705,50.078125
2025-05-21T13:00:30.352121,test_image2.jpg,ML(T=3),JPEG (Q=70),45.90774519,48.203125
2025-05-21T13:00:30.743814,test_image2.jpg,PEE(T=1),Median Filter (3x3),48.44569659,49.84375
2025-05-21T13:00:34.938151,test_image2.jpg,HS,Median Filter (3x3),48.45762531,50.703125
2025-05-21T13:00:35.111882,test_image2.jpg,ML(T=3),Median Filter (3x3),48.38786645,50.078125
2025-05-21T13:08:45.131370,cameraman.tif,PEE(T=1),Gaussian (σ=10),28.29415681,51.85546875
2025-05-21T13:08:45.702801,cameraman.tif,HS,Gaussian (σ=10),28.28739668,50.9765625
2025-05-21T13:08:45.733966,cameraman.tif,ML(T=3),Gaussian (σ=10),28.28866561,52.734375
2025-05-21T13:08:45.924032,cameraman.tif,PEE(T=1),Salt & Pepper (2%),22.02669721,60.546875
2025-05-21T13:08:46.518166,cameraman.tif,HS,Salt & Pepper (2%),22.12138678,55.37109375
2025-05-21T13:08:46.542637,cameraman.tif,ML(T=3),Salt & Pepper (2%),22.08328866,52.83203125
2025-05-21T13:08:46.757448,cameraman.tif,PEE(T=1),JPEG (Q=70),41.13432301,47.8515625
2025-05-21T13:08:47.316483,cameraman.tif,HS,JPEG (Q=70),41.13404513,50.09765625
2025-05-21T13:08:47.343764,cameraman.tif,ML(T=3),JPEG (Q=70),41.11344209,51.5625
2025-05-21T13:08:47.586662,cameraman.tif,PEE(T=1),Median Filter (3x3),36.72425383,50.87890625
2025-05-21T13:08:48.125595,cameraman.tif,HS,Median Filter (3x3),36.72306641,48.53515625
2025-05-21T13:08:48.177510,cameraman.tif,ML(T=3),Median Filter (3x3),36.70699933,48.92578125
2025-05-21T13:10:10.513596,test_image2.jpg,PEE(T=1),Gaussian (σ=10),28.31120872,49.609375
2025-05-21T13:10:16.389766,test_image2.jpg,HS,Gaussian (σ=10),28.31363942,51.66015625
2025-05-21T13:10:16.687432,test_image2.jpg,ML(T=3),Gaussian (σ=10),28.30993799,50.68359375
2025-05-21T13:10:17.172434,test_image2.jpg,PEE(T=1),Salt & Pepper (2%),21.64609941,74.51171875
2025-05-21T13:10:24.101154,test_image2.jpg,HS,Salt & Pepper (2%),21.68132571,52.83203125
2025-05-21T13:10:24.209448,test_image2.jpg,ML(T=3),Salt & Pepper (2%),21.63496866,51.46484375
2025-05-21T13:10:24.650783,test_image2.jpg,PEE(T=1),JPEG (Q=70),45.91967728,47.16796875
2025-05-21T13:10:31.425493,test_image2.jpg,HS,JPEG (Q=70),45.91952543,50.09765625
2025-05-21T13:10:31.513946,test_image2.jpg,ML(T=3),JPEG (Q=70),45.91033266,46.19140625
2025-05-21T13:10:32.084451,test_image2.jpg,PEE(T=1),Median Filter (3x3),48.44779456,50.29296875
2025-05-21T13:10:38.729667,test_image2.jpg,HS,Median Filter (3x3),48.45858549,50.48828125
2025-05-21T13:10:38.970305,test_image2.jpg,ML(T=3),Median Filter (3x3),48.40054935,49.12109375
2025-05-21T13:12:39.543670,mandril_color.tif,PEE(T=1),Gaussian (σ=10),28.12755438,48.046875
2025-05-21T13:12:40.049053,mandril_color.tif,HS,Gaussian (σ=10),28.11905792,47.94921875
2025-05-21T13:12:40.137352,mandril_color.tif,ML(T=3),Gaussian (σ=10),28.13164347,50.78125
2025-05-21T13:12:40.447412,mandril_color.tif,PEE(T=1),Salt & Pepper (2%),22.59998602,35.9375
2025-05-21T13:12:40.982607,mandril_color.tif,HS,Salt & Pepper (2%),22.54270231,57.32421875
2025-05-21T13:12:41.062581,mandril_color.tif,ML(T=3),Salt & Pepper (2%),22.50141201,49.21875
2025-05-21T13:12:41.386396,mandril_color.tif,PEE(T=1),JPEG (Q=70),30.05967966,51.85546875
2025-05-21T13:12:41.891162,mandril_color.tif,HS,JPEG (Q=70),30.05613691,49.0234375
2025-05-21T13:12:42.007267,mandril_color.tif,ML(T=3),JPEG (Q=70),30.05434688,49.8046875
2025-05-21T13:12:42.371914,mandril_color.tif,PEE(T=1),Median Filter (3x3),23.39848915,50.1953125
2025-05-21T13:12:43.006473,mandril_color.tif,HS,Median Filter (3x3),23.36922657,53.7109375
2025-05-21T13:12:43.119556,mandril_color.tif,ML(T=3),Median Filter (3x3),23.36129879,48.53515625
2025-05-21T13:35:52.788790,mandril_color.tif,PEE(T=1),Gaussian (σ=10),28.13413104,48.33984375
2025-05-21T13:35:52.901644,mandril_color.tif,HS,Gaussian (σ=10),28.14953585,53.125
2025-05-21T13:35:52.929547,mandril_color.tif,ML(T=3),Gaussian (σ=10),28.1506195,48.33984375
2025-05-21T13:35:53.048863,mandril_color.tif,PEE(T=1),Salt & Pepper (2%),22.53207716,39.74609375
2025-05-21T13:35:53.148420,mandril_color.tif,HS,Salt & Pepper (2%),22.52477056,41.6015625
2025-05-21T13:35:53.164149,mandril_color.tif,ML(T=3),Salt & Pepper (2%),22.55010314,43.75
2025-05-21T13:35:53.295738,mandril_color.tif,PEE(T=1),JPEG (Q=70),35.12346602,50.29296875
2025-05-21T13:35:53.389019,mandril_color.tif,HS,JPEG (Q=70),35.12752961,50.390625
2025-05-21T13:35:53.396361,mandril_color.tif,ML(T=3),JPEG (Q=70),35.11579703,46.6796875
2025-05-21T13:35:53.529332,mandril_color.tif,PEE(T=1),Median Filter (3x3),30.53515647,50.390625
2025-05-21T13:35:53.647903,mandril_color.tif,HS,Median Filter (3x3),30.53792831,49.21875
2025-05-21T13:35:53.682615,mandril_color.tif,ML(T=3),Median Filter (3x3),30.52951823,48.2421875
2025-05-21T13:36:04.005044,mandril_color.tif,PEE(T=1),Gaussian (σ=10),28.14513384,50.48828125
2025-05-21T13:36:04.125586,mandril_color.tif,HS,Gaussian (σ=10),28.11990047,50.1953125
2025-05-21T13:36:04.159160,mandril_color.tif,ML(T=3),Gaussian (σ=10),28.1455366,49.8046875
2025-05-21T13:36:04.283377,mandril_color.tif,PEE(T=1),Salt & Pepper (2%),22.57569085,51.46484375
2025-05-21T13:36:04.396605,mandril_color.tif,HS,Salt & Pepper (2%),22.5073164,53.02734375
2025-05-21T13:36:04.411865,mandril_color.tif,ML(T=3),Salt & Pepper (2%),22.6231451,48.046875
2025-05-21T13:36:04.563022,mandril_color.tif,PEE(T=1),JPEG (Q=70),35.12346602,50.29296875
2025-05-21T13:36:04.651830,mandril_color.tif,HS,JPEG (Q=70),35.12752961,50.390625
2025-05-21T13:36:04.664933,mandril_color.tif,ML(T=3),JPEG (Q=70),35.11579703,46.6796875
2025-05-21T13:36:04.789295,mandril_color.tif,PEE(T=1),Median Filter (3x3),30.53515647,50.390625
2025-05-21T13:36:04.895951,mandril_color.tif,HS,Median Filter (3x3),30.53792831,49.21875
2025-05-21T13:36:04.928716,mandril_color.tif,ML(T=3),Median Filter (3x3),30.52951823,48.2421875
2025-05-21T13:36:11.361270,livingroom.tif,PEE(T=1),Gaussian (σ=10),28.1388824,50.87890625
2025-05-21T13:36:11.483683,livingroom.tif,HS,Gaussian (σ=10),28.14387924,49.31640625
2025-05-21T13:36:11.511633,livingroom.tif,ML(T=3),Gaussian (σ=10),28.12785204,51.85546875
2025-05-21T13:36:11.617419,livingroom.tif,PEE(T=1),Salt & Pepper (2%),22.62642189,53.80859375
2025-05-21T13:36:11.712879,livingroom.tif,HS,Salt & Pepper (2%),22.56135342,44.53125
2025-05-21T13:36:11.727762,livingroom.tif,ML(T=3),Salt & Pepper (2%),22.53908788,48.4375
2025-05-21T13:36:11.848781,livingroom.tif,PEE(T=1),JPEG (Q=70),35.12346602,50.29296875
2025-05-21T13:36:11.944441,livingroom.tif,HS,JPEG (Q=70),35.12752961,50.390625
2025-05-21T13:36:11.944441,livingroom.tif,ML(T=3),JPEG (Q=70),35.11579703,46.6796875
2025-05-21T13:36:12.077833,livingroom.tif,PEE(T=1),Median Filter (3x3),30.53515647,50.390625
2025-05-21T13:36:12.184634,livingroom.tif,HS,Median Filter (3x3),30.53792831,49.21875
2025-05-21T13:36:12.220014,livingroom.tif,ML(T=3),Median Filter (3x3),30.52951823,48.2421875
2025-05-21T13:36:37.297452,livingroom.tif,PEE(T=1),Gaussian (σ=10),28.15648638,51.26953125
2025-05-21T13:36:37.409642,livingroom.tif,HS,Gaussian (σ=10),28.15961992,50.1953125
2025-05-21T13:36:37.434378,livingroom.tif,ML(T=3),Gaussian (σ=10),28.14401767,50.0
2025-05-21T13:36:37.546216,livingroom.tif,PEE(T=1),Salt & Pepper (2%),22.52530071,53.90625
2025-05-21T13:36:37.629049,livingroom.tif,HS,Salt & Pepper (2%),22.51706794,37.890625
2025-05-21T13:36:37.638350,livingroom.tif,ML(T=3),Salt & Pepper (2%),22.58275466,44.23828125
2025-05-21T13:36:37.765363,livingroom.tif,PEE(T=1),JPEG (Q=70),35.12346602,50.29296875
2025-05-21T13:36:37.864149,livingroom.tif,HS,JPEG (Q=70),35.12752961,50.390625
2025-05-21T13:36:37.883158,livingroom.tif,ML(T=3),JPEG (Q=70),35.11579703,46.6796875
2025-05-21T13:36:37.998736,livingroom.tif,PEE(T=1),Median Filter (3x3),30.53515647,50.390625
2025-05-21T13:36:38.117328,livingroom.tif,HS,Median Filter (3x3),30.53792831,49.21875
2025-05-21T13:36:38.159619,livingroom.tif,ML(T=3),Median Filter (3x3),30.52951823,48.2421875
2025-05-21T13:36:42.307330,livingroom.tif,PEE(T=1),Gaussian (σ=10),28.15279292,48.57142857
2025-05-21T13:36:42.342854,livingroom.tif,HS,Gaussian (σ=10),28.13454473,54.28571429
2025-05-21T13:36:42.361316,livingroom.tif,ML(T=3),Gaussian (σ=10),28.17042105,45.71428571
2025-05-21T13:36:42.466902,livingroom.tif,PEE(T=1),Salt & Pepper (2%),22.50443901,57.14285714
2025-05-21T13:36:42.495080,livingroom.tif,HS,Salt & Pepper (2%),22.59081293,85.71428571
2025-05-21T13:36:42.501104,livingroom.tif,ML(T=3),Salt & Pepper (2%),22.59904006,100.0
2025-05-21T13:36:42.602867,livingroom.tif,PEE(T=1),JPEG (Q=70),35.13600322,51.42857143
2025-05-21T13:36:42.627325,livingroom.tif,HS,JPEG (Q=70),35.13604977,51.42857143
2025-05-21T13:36:42.631794,livingroom.tif,ML(T=3),JPEG (Q=70),35.13592674,31.42857143
2025-05-21T13:36:42.761870,livingroom.tif,PEE(T=1),Median Filter (3x3),30.54395144,60.0
2025-05-21T13:36:42.794068,livingroom.tif,HS,Median Filter (3x3),30.54384748,42.85714286
2025-05-21T13:36:42.827921,livingroom.tif,ML(T=3),Median Filter (3x3),30.54403258,40.0
2025-05-21T13:40:27.606850,livingroom.tif,PEE(T=1),Gaussian (σ=10),28.14163786,48.25
2025-05-21T13:40:27.688573,livingroom.tif,HS,Gaussian (σ=10),28.14751091,52.0
2025-05-21T13:40:27.715080,livingroom.tif,ML(T=3),Gaussian (σ=10),28.17119236,56.25
2025-05-21T13:40:27.838405,livingroom.tif,PEE(T=1),Salt & Pepper (2%),22.55845141,54.75
2025-05-21T13:40:27.899869,livingroom.tif,HS,Salt & Pepper (2%),22.53132174,53.75
2025-05-21T13:40:27.914573,livingroom.tif,ML(T=3),Salt & Pepper (2%),22.5848719,56.75
2025-05-21T13:40:28.064278,livingroom.tif,PEE(T=1),JPEG (Q=70),35.13177888,49.75
2025-05-21T13:40:28.121970,livingroom.tif,HS,JPEG (Q=70),35.13340531,50.0
2025-05-21T13:40:28.131747,livingroom.tif,ML(T=3),JPEG (Q=70),35.12779263,54.75
2025-05-21T13:40:28.254461,livingroom.tif,PEE(T=1),Median Filter (3x3),30.54071692,52.0
2025-05-21T13:40:28.333190,livingroom.tif,HS,Median Filter (3x3),30.54177433,50.25
2025-05-21T13:40:28.364562,livingroom.tif,ML(T=3),Median Filter (3x3),30.5373764,50.5
2025-05-21T13:46:36.635990,cameraman.tif,PEE(T=1),Gaussian (σ=10),28.2857183,51.5
2025-05-21T13:46:36.919536,cameraman.tif,HS,Gaussian (σ=10),28.30252781,48.0
2025-05-21T13:46:37.029714,cameraman.tif,PEE(T=1),Salt & Pepper (2%),22.18717641,56.5
2025-05-21T13:46:37.304403,cameraman.tif,HS,Salt & Pepper (2%),22.10667317,91.5
2025-05-21T13:46:37.399688,cameraman.tif,PEE(T=1),JPEG (Q=70),41.13838411,52.5
2025-05-21T13:46:37.684637,cameraman.tif,HS,JPEG (Q=70),41.13686117,47.25
2025-05-21T13:46:37.795932,cameraman.tif,PEE(T=1),Median Filter (3x3),36.72586473,49.5
2025-05-21T13:46:38.099317,cameraman.tif,HS,Median Filter (3x3),36.72479193,49.5
2025-05-21T13:47:22.582671,cameraman.tif,PEE(T=1),Gaussian (σ=10),28.29871429,48.75
2025-05-21T13:47:22.926881,cameraman.tif,HS,Gaussian (σ=10),28.3012345,49.75
2025-05-21T13:47:22.944620,cameraman.tif,ML(T=3),Gaussian (σ=10),28.2941021,48.5
2025-05-21T13:47:23.078959,cameraman.tif,PEE(T=1),Salt & Pepper (2%),22.14230814,48.0
2025-05-21T13:47:23.444308,cameraman.tif,HS,Salt & Pepper (2%),22.09145998,54.5
2025-05-21T13:47:23.457173,cameraman.tif,ML(T=3),Salt & Pepper (2%),22.0101912,55.0
2025-05-21T13:47:23.594219,cameraman.tif,PEE(T=1),JPEG (Q=70),41.13838411,52.5
2025-05-21T13:47:23.914308,cameraman.tif,HS,JPEG (Q=70),41.13686117,47.25
2025-05-21T13:47:23.929815,cameraman.tif,ML(T=3),JPEG (Q=70),41.12082985,47.25
2025-05-21T13:47:24.069992,cameraman.tif,PEE(T=1),Median Filter (3x3),36.72586473,49.5
2025-05-21T13:47:24.449506,cameraman.tif,HS,Median Filter (3x3),36.72479193,49.5
2025-05-21T13:47:24.494465,cameraman.tif,ML(T=3),Median Filter (3x3),36.71397922,52.75
2025-05-21T14:31:41.597759,test_image2.jpg,PEE(T=1),Gaussian (σ=10),28.31151501,50.0
2025-05-21T14:31:44.253824,test_image2.jpg,HS,Gaussian (σ=10),28.31287375,49.75
2025-05-21T14:31:44.356128,test_image2.jpg,ML(T=3),Gaussian (σ=10),28.3096792,50.75
2025-05-21T14:31:44.553977,test_image2.jpg,PEE(T=1),Salt & Pepper (2%),21.61406997,48.25
2025-05-21T14:31:47.291013,test_image2.jpg,HS,Salt & Pepper (2%),21.63230244,50.0
2025-05-21T14:31:47.340990,test_image2.jpg,ML(T=3),Salt & Pepper (2%),21.57762926,63.5
2025-05-21T14:31:47.568023,test_image2.jpg,PEE(T=1),JPEG (Q=70),45.92222454,52.25
2025-05-21T14:31:50.394506,test_image2.jpg,HS,JPEG (Q=70),45.92175133,50.25
2025-05-21T14:31:50.440200,test_image2.jpg,ML(T=3),JPEG (Q=70),45.91776843,54.0
2025-05-21T14:31:50.705852,test_image2.jpg,PEE(T=1),Median Filter (3x3),48.45776374,54.25
2025-05-21T14:31:53.584593,test_image2.jpg,HS,Median Filter (3x3),48.46131088,50.75
2025-05-21T14:31:53.711947,test_image2.jpg,ML(T=3),Median Filter (3x3),48.43158504,47.0
2025-05-21T14:33:32.841940,mandril_color.tif,PEE(T=1),Gaussian (σ=10),28.11698321,47.5
2025-05-21T14:33:33.083740,mandril_color.tif,HS,Gaussian (σ=10),28.13221237,44.25
2025-05-21T14:33:33.130896,mandril_color.tif,ML(T=3),Gaussian (σ=10),28.13223606,49.5
2025-05-21T14:33:33.316986,mandril_color.tif,PEE(T=1),Salt & Pepper (2%),22.52016418,48.5
2025-05-21T14:33:33.608996,mandril_color.tif,HS,Salt & Pepper (2%),22.58733238,62.0
2025-05-21T14:33:33.647117,mandril_color.tif,ML(T=3),Salt & Pepper (2%),22.61276703,52.75
2025-05-21T14:33:33.846585,mandril_color.tif,PEE(T=1),JPEG (Q=70),30.070201,48.0
2025-05-21T14:33:34.084165,mandril_color.tif,HS,JPEG (Q=70),30.06341765,47.5
2025-05-21T14:33:34.124235,mandril_color.tif,ML(T=3),JPEG (Q=70),30.06573286,49.0
2025-05-21T14:33:34.332498,mandril_color.tif,PEE(T=1),Median Filter (3x3),23.40937235,52.0
2025-05-21T14:33:34.656346,mandril_color.tif,HS,Median Filter (3x3),23.38341933,47.25
2025-05-21T14:33:34.723086,mandril_color.tif,ML(T=3),Median Filter (3x3),23.39280696,50.0
2025-05-21T14:34:08.813397,mandril_color.tif,PEE(T=1),Gaussian (σ=10),28.12472975,48.0
2025-05-21T14:34:08.961909,mandril_color.tif,HS,Gaussian (σ=10),28.14642837,46.75
2025-05-21T14:34:08.993158,mandril_color.tif,ML(T=2),Gaussian (σ=10),28.13751861,45.0
2025-05-21T14:34:09.130494,mandril_color.tif,PEE(T=1),Salt & Pepper (2%),22.51978217,51.0
2025-05-21T14:34:09.245205,mandril_color.tif,HS,Salt & Pepper (2%),22.59011721,47.0
2025-05-21T14:34:09.258248,mandril_color.tif,ML(T=2),Salt & Pepper (2%),22.54854649,51.75
2025-05-21T14:34:09.412232,mandril_color.tif,PEE(T=1),JPEG (Q=70),34.5190261,46.5
2025-05-21T14:34:09.514584,mandril_color.tif,HS,JPEG (Q=70),34.51871166,51.75
2025-05-21T14:34:09.531862,mandril_color.tif,ML(T=2),JPEG (Q=70),34.51861286,50.75
2025-05-21T14:34:09.687253,mandril_color.tif,PEE(T=1),Median Filter (3x3),31.06680059,52.5
2025-05-21T14:34:09.822132,mandril_color.tif,HS,Median Filter (3x3),31.064207,49.25
2025-05-21T14:34:09.863053,mandril_color.tif,ML(T=2),Median Filter (3x3),31.06544548,50.75
2025-05-21T14:34:18.732344,woman_blonde.tif,PEE(T=1),Gaussian (σ=10),28.15338508,52.0
2025-05-21T14:34:18.867546,woman_blonde.tif,HS,Gaussian (σ=10),28.14124625,51.0
2025-05-21T14:34:18.897761,woman_blonde.tif,ML(T=2),Gaussian (σ=10),28.11383985,48.75
2025-05-21T14:34:19.036188,woman_blonde.tif,PEE(T=1),Salt & Pepper (2%),22.63070383,52.25
2025-05-21T14:34:19.145930,woman_blonde.tif,HS,Salt & Pepper (2%),22.53271857,61.5
2025-05-21T14:34:19.160807,woman_blonde.tif,ML(T=2),Salt & Pepper (2%),22.59408527,47.75
2025-05-21T14:34:19.298108,woman_blonde.tif,PEE(T=1),JPEG (Q=70),34.5190261,46.5
2025-05-21T14:34:19.405909,woman_blonde.tif,HS,JPEG (Q=70),34.51871166,51.75
2025-05-21T14:34:19.422363,woman_blonde.tif,ML(T=2),JPEG (Q=70),34.51861286,50.75
2025-05-21T14:34:19.599760,woman_blonde.tif,PEE(T=1),Median Filter (3x3),31.06680059,52.5
2025-05-21T14:34:19.728167,woman_blonde.tif,HS,Median Filter (3x3),31.064207,49.25
2025-05-21T14:34:19.766990,woman_blonde.tif,ML(T=2),Median Filter (3x3),31.06544548,50.75
2025-05-21T14:35:04.084995,woman_blonde.tif,PEE(T=1),Gaussian (σ=10),28.11542602,51.0
2025-05-21T14:35:04.190055,woman_blonde.tif,HS,Gaussian (σ=10),28.09917993,50.75
2025-05-21T14:35:04.210576,woman_blonde.tif,ML(T=3),Gaussian (σ=10),28.11902372,48.75
2025-05-21T14:35:04.360473,woman_blonde.tif,PEE(T=1),Salt & Pepper (2%),22.51024433,56.75
2025-05-21T14:35:04.448736,woman_blonde.tif,HS,Salt & Pepper (2%),22.42984845,54.0
2025-05-21T14:35:04.462290,woman_blonde.tif,ML(T=3),Salt & Pepper (2%),22.48204366,51.5
2025-05-21T14:35:04.614461,woman_blonde.tif,PEE(T=1),JPEG (Q=70),37.32181616,48.25
2025-05-21T14:35:04.686220,woman_blonde.tif,HS,JPEG (Q=70),37.32283663,50.25
2025-05-21T14:35:04.700970,woman_blonde.tif,ML(T=3),JPEG (Q=70),37.31592495,47.75
2025-05-21T14:35:04.885173,woman_blonde.tif,PEE(T=1),Median Filter (3x3),35.43474028,52.25
2025-05-21T14:35:04.991822,woman_blonde.tif,HS,Median Filter (3x3),35.43968542,55.0
2025-05-21T14:35:05.030301,woman_blonde.tif,ML(T=3),Median Filter (3x3),35.42653221,53.0
2025-05-21T14:35:17.902459,woman_blonde.tif,PEE(T=1),Gaussian (σ=10),28.12832175,47.5
2025-05-21T14:35:18.003833,woman_blonde.tif,HS,Gaussian (σ=10),28.13200936,52.25
2025-05-21T14:35:18.021050,woman_blonde.tif,ML(T=3),Gaussian (σ=10),28.12088236,49.5
2025-05-21T14:35:18.166726,woman_blonde.tif,PEE(T=1),Salt & Pepper (2%),22.47344866,52.75
2025-05-21T14:35:18.253709,woman_blonde.tif,HS,Salt & Pepper (2%),22.53708184,50.75
2025-05-21T14:35:18.269338,woman_blonde.tif,ML(T=3),Salt & Pepper (2%),22.45456677,51.5
2025-05-21T14:35:18.417900,woman_blonde.tif,PEE(T=1),JPEG (Q=70),37.32181616,48.25
2025-05-21T14:35:18.491738,woman_blonde.tif,HS,JPEG (Q=70),37.32283663,50.25
2025-05-21T14:35:18.507360,woman_blonde.tif,ML(T=3),JPEG (Q=70),37.31592495,47.75
2025-05-21T14:35:18.672396,woman_blonde.tif,PEE(T=1),Median Filter (3x3),35.43474028,52.25
2025-05-21T14:35:18.774914,woman_blonde.tif,HS,Median Filter (3x3),35.43968542,55.0
2025-05-21T14:35:18.818238,woman_blonde.tif,ML(T=3),Median Filter (3x3),35.42653221,53.0
2025-05-21T14:35:24.639542,lena_gray_512.tif,PEE(T=1),Gaussian (σ=10),28.10767809,46.25
2025-05-21T14:35:24.742601,lena_gray_512.tif,HS,Gaussian (σ=10),28.11383985,50.0
2025-05-21T14:35:24.767942,lena_gray_512.tif,ML(T=3),Gaussian (σ=10),28.11422487,51.25
2025-05-21T14:35:24.910846,lena_gray_512.tif,PEE(T=1),Salt & Pepper (2%),22.51895345,55.75
2025-05-21T14:35:24.996058,lena_gray_512.tif,HS,Salt & Pepper (2%),22.5120375,55.75
2025-05-21T14:35:25.008602,lena_gray_512.tif,ML(T=3),Salt & Pepper (2%),22.45775224,52.0
2025-05-21T14:35:25.171355,lena_gray_512.tif,PEE(T=1),JPEG (Q=70),37.32181616,48.25
2025-05-21T14:35:25.247900,lena_gray_512.tif,HS,JPEG (Q=70),37.32283663,50.25
2025-05-21T14:35:25.262521,lena_gray_512.tif,ML(T=3),JPEG (Q=70),37.31592495,47.75
2025-05-21T14:35:25.434648,lena_gray_512.tif,PEE(T=1),Median Filter (3x3),35.43474028,52.25
2025-05-21T14:35:25.527939,lena_gray_512.tif,HS,Median Filter (3x3),35.43968542,55.0
2025-05-21T14:35:25.566156,lena_gray_512.tif,ML(T=3),Median Filter (3x3),35.42653221,53.0
2025-05-21T14:56:48.298777,pirate.tif,PEE(T=1),Gaussian (σ=10),28.08797011,52.5
2025-05-21T14:56:48.519274,pirate.tif,HS,Gaussian (σ=10),28.13492512,52.75
2025-05-21T14:56:48.538243,pirate.tif,ML(T=3),Gaussian (σ=10),28.13352593,50.0
2025-05-21T14:56:48.655973,pirate.tif,PEE(T=1),Salt & Pepper (2%),22.39129515,49.0
2025-05-21T14:56:48.833392,pirate.tif,HS,Salt & Pepper (2%),22.42584836,49.5
2025-05-21T14:56:48.843481,pirate.tif,ML(T=3),Salt & Pepper (2%),22.376104,52.5
2025-05-21T14:56:48.980524,pirate.tif,PEE(T=1),JPEG (Q=70),35.02382982,49.5
2025-05-21T14:56:49.153447,pirate.tif,HS,JPEG (Q=70),35.02739903,48.0
2025-05-21T14:56:49.167000,pirate.tif,ML(T=3),JPEG (Q=70),35.02209085,51.25
2025-05-21T14:56:49.349723,pirate.tif,PEE(T=1),Median Filter (3x3),32.17192115,51.5
2025-05-21T14:56:49.553524,pirate.tif,HS,Median Filter (3x3),32.17488263,50.25
2025-05-21T14:56:49.592632,pirate.tif,ML(T=3),Median Filter (3x3),32.16910023,48.0
2025-05-21T15:20:17.220096,pirate.tif,PEE(T=1),Gaussian (σ=10),28.117368346914738,54.50000000000001
2025-05-21T15:20:17.445862,pirate.tif,HS,Gaussian (σ=10),28.11835627210872,52.25
2025-05-21T15:20:17.467946,pirate.tif,ML(T=3),Gaussian (σ=10),28.12709351875846,53.25
2025-05-21T15:20:17.604833,pirate.tif,PEE(T=1),Salt & Pepper (2%),22.478553682943662,62.0
2025-05-21T15:20:17.808969,pirate.tif,HS,Salt & Pepper (2%),22.38603549647133,53.5
2025-05-21T15:20:17.823013,pirate.tif,ML(T=3),Salt & Pepper (2%),22.45977173633239,58.75
2025-05-21T15:20:17.977391,pirate.tif,PEE(T=1),JPEG (Q=70),35.023829817250565,49.5
2025-05-21T15:20:18.155126,pirate.tif,HS,JPEG (Q=70),35.02739903274016,48.0
2025-05-21T15:20:18.170505,pirate.tif,ML(T=3),JPEG (Q=70),35.02209084719674,51.24999999999999
2025-05-21T15:20:18.305184,pirate.tif,PEE(T=1),Median Filter (3x3),32.17192114964077,51.5
2025-05-21T15:20:18.540874,pirate.tif,HS,Median Filter (3x3),32.17488262743403,50.24999999999999
2025-05-21T15:20:18.578809,pirate.tif,ML(T=3),Median Filter (3x3),32.169100231795426,48.0
2025-05-21T15:27:28.825352,pirate.tif,PEE(T=1),Gaussian (σ=10),28.10332486017735,51.24999999999999
2025-05-21T15:27:29.059826,pirate.tif,HS,Gaussian (σ=10),28.099126969645702,46.5
2025-05-21T15:27:29.083965,pirate.tif,ML(T=3),Gaussian (σ=10),28.118466128870622,51.24999999999999
2025-05-21T15:27:29.229016,pirate.tif,PEE(T=1),Salt & Pepper (2%),22.39313839690136,51.24999999999999
2025-05-21T15:27:29.410821,pirate.tif,HS,Salt & Pepper (2%),22.44918350210667,48.75
2025-05-21T15:27:29.423389,pirate.tif,ML(T=3),Salt & Pepper (2%),22.481366056971964,49.75
2025-05-21T15:27:29.573842,pirate.tif,PEE(T=1),JPEG (Q=70),35.023829817250565,49.5
2025-05-21T15:27:29.794504,pirate.tif,HS,JPEG (Q=70),35.02739903274016,48.0
2025-05-21T15:27:29.813886,pirate.tif,ML(T=3),JPEG (Q=70),35.02209084719674,51.24999999999999
2025-05-21T15:27:29.994811,pirate.tif,PEE(T=1),Median Filter (3x3),32.17192114964077,51.5
2025-05-21T15:27:30.196959,pirate.tif,HS,Median Filter (3x3),32.17488262743403,50.24999999999999
2025-05-21T15:27:30.252068,pirate.tif,ML(T=3),Median Filter (3x3),32.169100231795426,48.0
2025-05-23T14:15:58.226323,woman_darkhair.tif,PEE(T=1),Gaussian (σ=10),28.13468268583757,51.5
2025-05-23T14:15:58.351617,woman_darkhair.tif,HS,Gaussian (σ=10),28.142595938594543,53.5
2025-05-23T14:15:58.377513,woman_darkhair.tif,ML(T=3),Gaussian (σ=10),28.14048306572944,51.24999999999999
2025-05-23T14:15:58.497639,woman_darkhair.tif,PEE(T=1),Salt & Pepper (2%),22.08294254580668,70.0
2025-05-23T14:15:58.567417,woman_darkhair.tif,HS,Salt & Pepper (2%),22.059959670429304,57.99999999999999
2025-05-23T14:15:58.579054,woman_darkhair.tif,ML(T=3),Salt & Pepper (2%),22.01596688598553,53.25
2025-05-23T14:15:58.698075,woman_darkhair.tif,PEE(T=1),JPEG (Q=70),41.13868876531584,50.74999999999999
2025-05-23T14:15:58.805867,woman_darkhair.tif,HS,JPEG (Q=70),41.14074904556711,50.24999999999999
2025-05-23T14:15:58.817943,woman_darkhair.tif,ML(T=3),JPEG (Q=70),41.1318954441975,47.25
2025-05-23T14:15:59.441928,woman_darkhair.tif,PEE(T=1),Median Filter (3x3),41.41482550711957,51.24999999999999
2025-05-23T14:15:59.542133,woman_darkhair.tif,HS,Median Filter (3x3),41.42086068904494,54.0
2025-05-23T14:15:59.576023,woman_darkhair.tif,ML(T=3),Median Filter (3x3),41.401397426162376,50.24999999999999
2025-05-23T14:23:02.829749,woman_darkhair.tif,PEE(T=1),Gaussian (σ=10),28.119725632823418,52.25
2025-05-23T14:23:02.983630,woman_darkhair.tif,HS,Gaussian (σ=10),28.13969760222784,49.25
2025-05-23T14:23:03.009528,woman_darkhair.tif,ML(T=3),Gaussian (σ=10),28.10558064756769,52.5
2025-05-23T14:23:03.147289,woman_darkhair.tif,PEE(T=1),Salt & Pepper (2%),22.59836819744791,49.5
2025-05-23T14:23:03.350196,woman_darkhair.tif,HS,Salt & Pepper (2%),22.58624983186109,49.0
2025-05-23T14:23:03.377316,woman_darkhair.tif,ML(T=3),Salt & Pepper (2%),22.65442892446139,52.0
2025-05-23T14:23:03.487767,woman_darkhair.tif,PEE(T=1),JPEG (Q=70),30.070201000994928,48.0
2025-05-23T14:23:03.649125,woman_darkhair.tif,HS,JPEG (Q=70),30.06341764709068,47.5
2025-05-23T14:23:03.672560,woman_darkhair.tif,ML(T=3),JPEG (Q=70),30.065732855722548,49.0
2025-05-23T14:23:03.807549,woman_darkhair.tif,PEE(T=1),Median Filter (3x3),23.409372349034,52.0
2025-05-23T14:23:04.002028,woman_darkhair.tif,HS,Median Filter (3x3),23.383419326086138,47.25
2025-05-23T14:23:04.038189,woman_darkhair.tif,ML(T=3),Median Filter (3x3),23.392806957942312,50.0
2025-05-23T14:23:08.565421,mandril_color.tif,PEE(T=1),Gaussian (σ=10),28.11958038213337,47.5
2025-05-23T14:23:08.722531,mandril_color.tif,HS,Gaussian (σ=10),28.12517529894888,46.75
2025-05-23T14:23:08.746142,mandril_color.tif,ML(T=3),Gaussian (σ=10),28.117169170361727,44.75
2025-05-23T14:23:08.857678,mandril_color.tif,PEE(T=1),Salt & Pepper (2%),22.519996000069465,49.75
2025-05-23T14:23:09.031228,mandril_color.tif,HS,Salt & Pepper (2%),22.60141699292779,49.75
2025-05-23T14:23:09.049901,mandril_color.tif,ML(T=3),Salt & Pepper (2%),22.57492246587289,56.49999999999999
2025-05-23T14:23:09.182484,mandril_color.tif,PEE(T=1),JPEG (Q=70),30.070201000994928,48.0
2025-05-23T14:23:09.323698,mandril_color.tif,HS,JPEG (Q=70),30.06341764709068,47.5
2025-05-23T14:23:09.338896,mandril_color.tif,ML(T=3),JPEG (Q=70),30.065732855722548,49.0
2025-05-23T14:23:09.457383,mandril_color.tif,PEE(T=1),Median Filter (3x3),23.409372349034,52.0
2025-05-23T14:23:09.633430,mandril_color.tif,HS,Median Filter (3x3),23.383419326086138,47.25
2025-05-23T14:23:09.692816,mandril_color.tif,ML(T=3),Median Filter (3x3),23.392806957942312,50.0
2025-05-23T15:28:47.600660,pirate.tif,PEE(T=1),Gaussian (σ=10),28.120840209320765,46.875
2025-05-23T15:28:47.709157,pirate.tif,HS,Gaussian (σ=10),28.10314871470485,53.125
2025-05-23T15:28:47.725158,pirate.tif,ML(T=3),Gaussian (σ=10),28.121987311991145,53.125
2025-05-23T15:28:47.839821,pirate.tif,PEE(T=1),Salt & Pepper (2%),22.39274339309744,43.75
2025-05-23T15:28:47.923817,pirate.tif,HS,Salt & Pepper (2%),22.4280710622738,75.0
2025-05-23T15:28:47.930915,pirate.tif,ML(T=3),Salt & Pepper (2%),22.437392560839623,6.25
2025-05-23T15:28:48.087255,pirate.tif,PEE(T=1),JPEG (Q=70),35.027774440886915,43.75
2025-05-23T15:28:48.196410,pirate.tif,HS,JPEG (Q=70),35.02788471812861,59.375
2025-05-23T15:28:48.213181,pirate.tif,ML(T=3),JPEG (Q=70),35.02766335561423,56.25
2025-05-23T15:28:48.405113,pirate.tif,PEE(T=1),Median Filter (3x3),32.17624532492206,53.125
2025-05-23T15:28:48.522453,pirate.tif,HS,Median Filter (3x3),32.17626382792265,59.375
2025-05-23T15:28:48.565929,pirate.tif,ML(T=3),Median Filter (3x3),32.176156595719206,53.125
2025-05-23T15:29:17.647749,cameraman.tif,PEE(T=1),Gaussian (σ=10),28.28382741055914,50.0
2025-05-23T15:29:17.803234,cameraman.tif,HS,Gaussian (σ=10),28.303464986938536,50.0
2025-05-23T15:29:17.822684,cameraman.tif,ML(T=3),Gaussian (σ=10),28.275779763793576,56.25
2025-05-23T15:29:17.972975,cameraman.tif,PEE(T=1),Salt & Pepper (2%),22.13720914027634,40.625
2025-05-23T15:29:18.157934,cameraman.tif,HS,Salt & Pepper (2%),22.15104170403625,56.25
2025-05-23T15:29:18.171118,cameraman.tif,ML(T=3),Salt & Pepper (2%),22.18107429578239,15.625
2025-05-23T15:29:18.341134,cameraman.tif,PEE(T=1),JPEG (Q=70),41.14209107195659,53.125
2025-05-23T15:29:18.559370,cameraman.tif,HS,JPEG (Q=70),41.139894341239184,68.75
2025-05-23T15:29:18.574719,cameraman.tif,ML(T=3),JPEG (Q=70),41.140397867617125,40.625
2025-05-23T15:29:18.761954,cameraman.tif,PEE(T=1),Median Filter (3x3),36.72839975642342,31.25
2025-05-23T15:29:18.976129,cameraman.tif,HS,Median Filter (3x3),36.727374296139445,71.875
2025-05-23T15:29:19.006193,cameraman.tif,ML(T=3),Median Filter (3x3),36.72727236302655,43.75
2025-05-23T15:30:03.288121,woman_darkhair.tif,PEE(T=1),Gaussian (σ=10),28.1201338149218,47.0
2025-05-23T15:30:03.425372,woman_darkhair.tif,HS,Gaussian (σ=10),28.14789127112426,51.24999999999999
2025-05-23T15:30:03.453845,woman_darkhair.tif,ML(T=3),Gaussian (σ=10),28.13169732567401,50.5
2025-05-23T15:30:03.631966,woman_darkhair.tif,PEE(T=1),Salt & Pepper (2%),22.0762140848877,53.75
2025-05-23T15:30:03.754786,woman_darkhair.tif,HS,Salt & Pepper (2%),22.058065736628603,51.24999999999999
2025-05-23T15:30:03.759194,woman_darkhair.tif,ML(T=3),Salt & Pepper (2%),22.09983151040452,54.75
2025-05-23T15:30:03.935966,woman_darkhair.tif,PEE(T=1),JPEG (Q=70),41.13868876531584,50.74999999999999
2025-05-23T15:30:04.026039,woman_darkhair.tif,HS,JPEG (Q=70),41.14074904556711,50.24999999999999
2025-05-23T15:30:04.042124,woman_darkhair.tif,ML(T=3),JPEG (Q=70),41.1318954441975,47.25
2025-05-23T15:30:04.193979,woman_darkhair.tif,PEE(T=1),Median Filter (3x3),41.41482550711957,51.24999999999999
2025-05-23T15:30:04.336345,woman_darkhair.tif,HS,Median Filter (3x3),41.42086068904494,54.0
2025-05-23T15:30:04.387639,woman_darkhair.tif,ML(T=3),Median Filter (3x3),41.401397426162376,50.24999999999999
2025-05-23T15:34:38.404642,woman_darkhair.tif,PEE(T=1),Gaussian (σ=10),28.136443369109685,50.74999999999999
2025-05-23T15:34:38.631576,woman_darkhair.tif,HS,Gaussian (σ=10),28.13513970494844,50.74999999999999
2025-05-23T15:34:38.815707,woman_darkhair.tif,PEE(T=1),Salt & Pepper (2%),22.047775415832028,50.5
2025-05-23T15:34:38.921375,woman_darkhair.tif,HS,Salt & Pepper (2%),22.1509173244952,56.75
2025-05-23T15:34:39.072234,woman_darkhair.tif,PEE(T=1),JPEG (Q=70),41.13868876531584,50.74999999999999
2025-05-23T15:34:39.188944,woman_darkhair.tif,HS,JPEG (Q=70),41.14074904556711,50.24999999999999
2025-05-23T15:34:39.372193,woman_darkhair.tif,PEE(T=1),Median Filter (3x3),41.41482550711957,51.24999999999999
2025-05-23T15:34:39.506916,woman_darkhair.tif,HS,Median Filter (3x3),41.42086068904494,54.0
2025-05-23T15:34:54.180578,woman_darkhair.tif,PEE(T=1),Gaussian (σ=10),28.144942860681,47.75
2025-05-23T15:34:54.317972,woman_darkhair.tif,HS,Gaussian (σ=10),28.117378917069978,53.5
2025-05-23T15:34:54.339004,woman_darkhair.tif,ML(T=3),Gaussian (σ=10),28.11965821210378,46.25
2025-05-23T15:34:54.485015,woman_darkhair.tif,PEE(T=1),Salt & Pepper (2%),22.05490801568589,60.5
2025-05-23T15:34:54.568717,woman_darkhair.tif,HS,Salt & Pepper (2%),22.037191696128872,61.5
2025-05-23T15:34:54.577771,woman_darkhair.tif,ML(T=3),Salt & Pepper (2%),22.047045173771835,45.5
2025-05-23T15:34:54.719604,woman_darkhair.tif,PEE(T=1),JPEG (Q=70),41.13868876531584,50.74999999999999
2025-05-23T15:34:54.819762,woman_darkhair.tif,HS,JPEG (Q=70),41.14074904556711,50.24999999999999
2025-05-23T15:34:54.833599,woman_darkhair.tif,ML(T=3),JPEG (Q=70),41.1318954441975,47.25
2025-05-23T15:34:54.986411,woman_darkhair.tif,PEE(T=1),Median Filter (3x3),41.41482550711957,51.24999999999999
2025-05-23T15:34:55.083564,woman_darkhair.tif,HS,Median Filter (3x3),41.42086068904494,54.0
2025-05-23T15:34:55.121522,woman_darkhair.tif,ML(T=3),Median Filter (3x3),41.401397426162376,50.24999999999999
2025-05-23T20:50:07.038348,woman_darkhair.tif,PEE(T=1),Gaussian (σ=10),28.13387986813442,53.0
2025-05-23T20:50:07.164359,woman_darkhair.tif,HS,Gaussian (σ=10),28.13724251297201,53.0
2025-05-23T20:50:07.190932,woman_darkhair.tif,ML(T=3),Gaussian (σ=10),28.13083558314488,50.0
2025-05-23T20:50:07.355290,woman_darkhair.tif,PEE(T=1),Salt & Pepper (2%),22.110729191638868,49.25
2025-05-23T20:50:07.472786,woman_darkhair.tif,HS,Salt & Pepper (2%),22.066715093169268,54.75
2025-05-23T20:50:07.481867,woman_darkhair.tif,ML(T=3),Salt & Pepper (2%),22.01031064188277,67.25
2025-05-23T20:50:07.628713,woman_darkhair.tif,PEE(T=1),JPEG (Q=70),41.13868876531584,50.74999999999999
2025-05-23T20:50:07.718374,woman_darkhair.tif,HS,JPEG (Q=70),41.14074904556711,50.24999999999999
2025-05-23T20:50:07.727380,woman_darkhair.tif,ML(T=3),JPEG (Q=70),41.1318954441975,47.25
2025-05-23T20:50:08.444839,woman_darkhair.tif,PEE(T=1),Median Filter (3x3),41.41482550711957,51.24999999999999
2025-05-23T20:50:08.553638,woman_darkhair.tif,HS,Median Filter (3x3),41.42086068904494,54.0
2025-05-23T20:50:08.599270,woman_darkhair.tif,ML(T=3),Median Filter (3x3),41.401397426162376,50.24999999999999
2025-05-26T21:02:50.147160,mandril_color.tif,PEE(T=1),Gaussian (σ=10),28.12537517395331,47.5
2025-05-26T21:02:50.307611,mandril_color.tif,HS,Gaussian (σ=10),28.116797101321787,48.25
2025-05-26T21:02:50.335613,mandril_color.tif,ML(T=3),Gaussian (σ=10),28.11637949055482,52.75
2025-05-26T21:02:50.456761,mandril_color.tif,PEE(T=1),Salt & Pepper (2%),22.624758800498284,50.0
2025-05-26T21:02:50.638952,mandril_color.tif,HS,Salt & Pepper (2%),22.5509133065867,51.0
2025-05-26T21:02:50.663041,mandril_color.tif,ML(T=3),Salt & Pepper (2%),22.597286552242416,47.5
2025-05-26T21:02:50.776377,mandril_color.tif,PEE(T=1),JPEG (Q=70),30.070201000994928,48.0
2025-05-26T21:02:50.940608,mandril_color.tif,HS,JPEG (Q=70),30.06341764709068,47.5
2025-05-26T21:02:50.964603,mandril_color.tif,ML(T=3),JPEG (Q=70),30.065732855722548,49.0
2025-05-26T21:02:51.602754,mandril_color.tif,PEE(T=1),Median Filter (3x3),23.409372349034,52.0
2025-05-26T21:02:51.791315,mandril_color.tif,HS,Median Filter (3x3),23.383419326086138,47.25
2025-05-26T21:02:51.835229,mandril_color.tif,ML(T=3),Median Filter (3x3),23.392806957942312,50.0
2025-05-26T21:03:58.666865,mandril_color.tif,PEE(T=1),Gaussian (σ=10),28.124279779940323,47.0
2025-05-26T21:03:58.818389,mandril_color.tif,HS,Gaussian (σ=10),28.097972570182016,45.5
2025-05-26T21:03:58.843377,mandril_color.tif,ML(T=3),Gaussian (σ=10),28.12200913616347,51.5
2025-05-26T21:03:58.956370,mandril_color.tif,PEE(T=1),Salt & Pepper (2%),22.55373317659537,48.0
2025-05-26T21:03:59.116380,mandril_color.tif,HS,Salt & Pepper (2%),22.57681024654868,56.75
2025-05-26T21:03:59.137379,mandril_color.tif,ML(T=3),Salt & Pepper (2%),22.61600278043124,51.74999999999999
2025-05-26T21:03:59.244186,mandril_color.tif,PEE(T=1),JPEG (Q=70),30.070201000994928,48.0
2025-05-26T21:03:59.370706,mandril_color.tif,HS,JPEG (Q=70),30.06341764709068,47.5
2025-05-26T21:03:59.390626,mandril_color.tif,ML(T=3),JPEG (Q=70),30.065732855722548,49.0
2025-05-26T21:03:59.520512,mandril_color.tif,PEE(T=1),Median Filter (3x3),23.409372349034,52.0
2025-05-26T21:03:59.687098,mandril_color.tif,HS,Median Filter (3x3),23.383419326086138,47.25
2025-05-26T21:03:59.731108,mandril_color.tif,ML(T=3),Median Filter (3x3),23.392806957942312,50.0
2025-05-26T21:04:28.923763,mandril_color.tif,PEE(T=1),Gaussian (σ=10),28.107332370801906,50.5
2025-05-26T21:04:29.082194,mandril_color.tif,HS,Gaussian (σ=10),28.133143170576584,49.25
2025-05-26T21:04:29.108279,mandril_color.tif,ML(T=3),Gaussian (σ=10),28.111470415476937,52.75
2025-05-26T21:04:29.227262,mandril_color.tif,PEE(T=1),Salt & Pepper (2%),22.59612179809176,54.50000000000001
2025-05-26T21:04:29.400886,mandril_color.tif,HS,Salt & Pepper (2%),22.55918551125561,49.0
2025-05-26T21:04:29.423826,mandril_color.tif,ML(T=3),Salt & Pepper (2%),22.636705922153425,50.0
2025-05-26T21:04:29.537438,mandril_color.tif,PEE(T=1),JPEG (Q=70),30.070201000994928,48.0
2025-05-26T21:04:29.672756,mandril_color.tif,HS,JPEG (Q=70),30.06341764709068,47.5
2025-05-26T21:04:29.691753,mandril_color.tif,ML(T=3),JPEG (Q=70),30.065732855722548,49.0
2025-05-26T21:04:29.832277,mandril_color.tif,PEE(T=1),Median Filter (3x3),23.409372349034,52.0
2025-05-26T21:04:30.021322,mandril_color.tif,HS,Median Filter (3x3),23.383419326086138,47.25
2025-05-26T21:04:30.060331,mandril_color.tif,ML(T=3),Median Filter (3x3),23.392806957942312,50.0
